{
  "ODE_Timeseries_battle_won_mean": [
    0.0,
    0.0
  ],
  "ODE_Timeseries_battle_won_mean_T": [
    120,
    240
  ],
  "ODE_Timeseries_dead_allies_mean": [
    4.0,
    3.0
  ],
  "ODE_Timeseries_dead_allies_mean_T": [
    120,
    240
  ],
  "ODE_Timeseries_dead_enemies_mean": [
    1.0,
    0.0
  ],
  "ODE_Timeseries_dead_enemies_mean_T": [
    120,
    240
  ],
  "ODE_Timeseries_ep_length_mean": [
    120.0,
    120.0
  ],
  "ODE_Timeseries_ep_length_mean_T": [
    120,
    240
  ],
  "ODE_Timeseries_return_mean": [
    {
      "dtype": "float64",
      "py/object": "numpy.float64",
      "value": 3.1372549019607847
    },
    {
      "dtype": "float64",
      "py/object": "numpy.float64",
      "value": 3.1960784313725448
    }
  ],
  "ODE_Timeseries_return_mean_T": [
    120,
    240
  ],
  "ODE_Timeseries_return_std": [
    {
      "dtype": "float64",
      "py/object": "numpy.float64",
      "value": 0.0
    },
    {
      "dtype": "float64",
      "py/object": "numpy.float64",
      "value": 0.0
    }
  ],
  "ODE_Timeseries_return_std_T": [
    120,
    240
  ],
  "test_ODE_Timeseries_battle_won_mean": [
    0.0,
    0.0,
    0.0,
    0.0,
    0.0,
    0.0,
    0.0,
    0.0,
    0.0,
    0.0,
    0.0,
    0.0,
    0.0,
    0.0,
    0.0,
    0.0,
    0.0,
    0.0,
    0.0,
    0.0
  ],
  "test_ODE_Timeseries_battle_won_mean_T": [
    120,
    120,
    120,
    120,
    120,
    120,
    120,
    120,
    120,
    120,
    120,
    120,
    120,
    120,
    120,
    120,
    120,
    120,
    120,
    120
  ],
  "test_ODE_Timeseries_dead_allies_mean": [
    4.0,
    3.0,
    4.0,
    3.0,
    4.0,
    4.0,
    4.0,
    5.0,
    5.0,
    4.0,
    3.0,
    5.0,
    4.0,
    3.0,
    5.0,
    3.0,
    4.0,
    5.0,
    4.0,
    5.0
  ],
  "test_ODE_Timeseries_dead_allies_mean_T": [
    120,
    120,
    120,
    120,
    120,
    120,
    120,
    120,
    120,
    120,
    120,
    120,
    120,
    120,
    120,
    120,
    120,
    120,
    120,
    120
  ],
  "test_ODE_Timeseries_dead_enemies_mean": [
    1.0,
    0.0,
    0.0,
    1.0,
    1.0,
    0.0,
    1.0,
    1.0,
    1.0,
    1.0,
    0.0,
    1.0,
    1.0,
    1.0,
    0.0,
    1.0,
    1.0,
    1.0,
    2.0,
    0.0
  ],
  "test_ODE_Timeseries_dead_enemies_mean_T": [
    120,
    120,
    120,
    120,
    120,
    120,
    120,
    120,
    120,
    120,
    120,
    120,
    120,
    120,
    120,
    120,
    120,
    120,
    120,
    120
  ],
  "test_ODE_Timeseries_ep_length_mean": [
    120.0,
    120.0,
    120.0,
    120.0,
    120.0,
    120.0,
    120.0,
    53.0,
    55.0,
    120.0,
    120.0,
    110.0,
    120.0,
    120.0,
    112.0,
    120.0,
    120.0,
    56.0,
    120.0,
    54.0
  ],
  "test_ODE_Timeseries_ep_length_mean_T": [
    120,
    120,
    120,
    120,
    120,
    120,
    120,
    120,
    120,
    120,
    120,
    120,
    120,
    120,
    120,
    120,
    120,
    120,
    120,
    120
  ],
  "test_ODE_Timeseries_return_mean": [
    {
      "dtype": "float64",
      "py/object": "numpy.float64",
      "value": 6.713235294117644
    },
    {
      "dtype": "float64",
      "py/object": "numpy.float64",
      "value": 2.5882352941176436
    },
    {
      "dtype": "float64",
      "py/object": "numpy.float64",
      "value": 3.764705882352938
    },
    {
      "dtype": "float64",
      "py/object": "numpy.float64",
      "value": 3.1372549019607843
    },
    {
      "dtype": "float64",
      "py/object": "numpy.float64",
      "value": 3.1372549019607843
    },
    {
      "dtype": "float64",
      "py/object": "numpy.float64",
      "value": 6.098039215686268
    },
    {
      "dtype": "float64",
      "py/object": "numpy.float64",
      "value": 6.6666666666666625
    },
    {
      "dtype": "float64",
      "py/object": "numpy.float64",
      "value": 5.2598039215686265
    },
    {
      "dtype": "float64",
      "py/object": "numpy.float64",
      "value": 5.357843137254902
    },
    {
      "dtype": "float64",
      "py/object": "numpy.float64",
      "value": 6.367647058823523
    },
    {
      "dtype": "float64",
      "py/object": "numpy.float64",
      "value": 7.436274509803909
    },
    {
      "dtype": "float64",
      "py/object": "numpy.float64",
      "value": 3.1372549019607843
    },
    {
      "dtype": "float64",
      "py/object": "numpy.float64",
      "value": 4.985294117647056
    },
    {
      "dtype": "float64",
      "py/object": "numpy.float64",
      "value": 3.1372549019607843
    },
    {
      "dtype": "float64",
      "py/object": "numpy.float64",
      "value": 3.70588235294117
    },
    {
      "dtype": "float64",
      "py/object": "numpy.float64",
      "value": 5.529411764705878
    },
    {
      "dtype": "float64",
      "py/object": "numpy.float64",
      "value": 5.745098039215683
    },
    {
      "dtype": "float64",
      "py/object": "numpy.float64",
      "value": 4.872549019607844
    },
    {
      "dtype": "float64",
      "py/object": "numpy.float64",
      "value": 8.144607843137253
    },
    {
      "dtype": "float64",
      "py/object": "numpy.float64",
      "value": 4.811274509803921
    }
  ],
  "test_ODE_Timeseries_return_mean_T": [
    120,
    120,
    120,
    120,
    120,
    120,
    120,
    120,
    120,
    120,
    120,
    120,
    120,
    120,
    120,
    120,
    120,
    120,
    120,
    120
  ],
  "test_ODE_Timeseries_return_std": [
    {
      "dtype": "float64",
      "py/object": "numpy.float64",
      "value": 0.0
    },
    {
      "dtype": "float64",
      "py/object": "numpy.float64",
      "value": 0.0
    },
    {
      "dtype": "float64",
      "py/object": "numpy.float64",
      "value": 0.0
    },
    {
      "dtype": "float64",
      "py/object": "numpy.float64",
      "value": 0.0
    },
    {
      "dtype": "float64",
      "py/object": "numpy.float64",
      "value": 0.0
    },
    {
      "dtype": "float64",
      "py/object": "numpy.float64",
      "value": 0.0
    },
    {
      "dtype": "float64",
      "py/object": "numpy.float64",
      "value": 0.0
    },
    {
      "dtype": "float64",
      "py/object": "numpy.float64",
      "value": 0.0
    },
    {
      "dtype": "float64",
      "py/object": "numpy.float64",
      "value": 0.0
    },
    {
      "dtype": "float64",
      "py/object": "numpy.float64",
      "value": 0.0
    },
    {
      "dtype": "float64",
      "py/object": "numpy.float64",
      "value": 0.0
    },
    {
      "dtype": "float64",
      "py/object": "numpy.float64",
      "value": 0.0
    },
    {
      "dtype": "float64",
      "py/object": "numpy.float64",
      "value": 0.0
    },
    {
      "dtype": "float64",
      "py/object": "numpy.float64",
      "value": 0.0
    },
    {
      "dtype": "float64",
      "py/object": "numpy.float64",
      "value": 0.0
    },
    {
      "dtype": "float64",
      "py/object": "numpy.float64",
      "value": 0.0
    },
    {
      "dtype": "float64",
      "py/object": "numpy.float64",
      "value": 0.0
    },
    {
      "dtype": "float64",
      "py/object": "numpy.float64",
      "value": 0.0
    },
    {
      "dtype": "float64",
      "py/object": "numpy.float64",
      "value": 0.0
    },
    {
      "dtype": "float64",
      "py/object": "numpy.float64",
      "value": 0.0
    }
  ],
  "test_ODE_Timeseries_return_std_T": [
    120,
    120,
    120,
    120,
    120,
    120,
    120,
    120,
    120,
    120,
    120,
    120,
    120,
    120,
    120,
    120,
    120,
    120,
    120,
    120
  ]
}